[{"name":"theme_info","theme_name":"12-a Shopify Theme","theme_author":"12-a","theme_version":"1.1.0","theme_documentation_url":"http:\/\/12-a.se\/","theme_support_url":"https:\/\/https:\/\/12-a.com\/kontakt"},{"name":"Colors","settings":[{"type":"header","content":"General"},{"type":"color","id":"heading_color","label":"Heading","default":"#1c1b1b"},{"type":"color","id":"text_color","label":"Body text","default":"#1c1b1b"},{"type":"color","id":"text_light_color","label":"Body light text","default":"#6a6a6a"},{"type":"color","id":"link_color","label":"Link color","default":"#6a6a6a"},{"type":"color","id":"background","label":"Background","default":"#eaeaea"},{"type":"color","id":"light_background","label":"Light background","default":"#ffffff"},{"type":"color","id":"product_on_sale_color","label":"On sale accent","default":"#f94c43"},{"type":"header","content":"Buttons"},{"type":"color","id":"button_background","label":"Background","default":"#1c1b1b"},{"type":"color","id":"button_text_color","label":"Text","default":"#ffffff"},{"type":"header","content":"Header"},{"type":"color","id":"header_background","label":"Background","default":"#ffffff"},{"type":"color","id":"header_heading_color","label":"Heading and icons","default":"#1c1b1b"},{"type":"color","id":"header_light_color","label":"Light text","default":"#6a6a6a"},{"type":"header","content":"Footer"},{"type":"color","id":"footer_background","label":"Background","default":"#ffffff"},{"type":"color","id":"footer_heading_color","label":"Heading","default":"#1c1b1b"},{"type":"color","id":"footer_text_color","label":"Text","default":"#6a6a6a"},{"type":"header","content":"Sidebar navigation"},{"type":"color","id":"navigation_background","label":"Background","default":"#1c1b1b"},{"type":"color","id":"navigation_text_color","label":"Text","default":"#ffffff"},{"type":"header","content":"Newsletter popup"},{"type":"color","id":"newsletter_popup_background","label":"Background","default":"#1c1b1b"},{"type":"color","id":"newsletter_popup_text_color","label":"Text","default":"#ffffff"},{"type":"header","content":"Secondary elements","info":"This is used in modals and other secondary elements."},{"type":"color","id":"secondary_elements_background","label":"Background","default":"#1c1b1b"},{"type":"color","id":"secondary_elements_text_color","label":"Text","default":"#ffffff"}]},{"name":"Typography","settings":[{"type":"header","content":"Headings"},{"type":"font_picker","id":"heading_font","label":"Font","default":"helvetica_n4"},{"type":"select","id":"heading_size","label":"Size","info":"All headings (small and large) will be adjusted.","options":[{"value":"small","label":"Small"},{"value":"normal","label":"Normal"},{"value":"large","label":"Large"}],"default":"small"},{"type":"checkbox","id":"uppercase_heading","label":"Display headings in uppercase","default":true},{"type":"header","content":"Body text"},{"type":"font_picker","id":"text_font","label":"Font","default":"helvetica_n4"},{"type":"range","id":"base_text_font_size","label":"Base size","min":13,"max":17,"unit":"px","default":14}]},{"name":"Currency conversion","settings":[{"type":"checkbox","id":"currency_conversion_enabled","label":"Enable currency conversion","default":false},{"type":"checkbox","id":"currency_conversion_round_amounts","label":"Round converted amounts","default":true},{"type":"text","id":"currency_conversion_supported_currencies","label":"Supported currencies","info":"List of currencies to display. You must separate each currencies by an empty space, and use the ISO 4217 3-letter code. Example: USD CAD EUR. All the possible values are [listed here](http:\/\/bit.ly\/1C4cZ3w).","default":"USD CAD EUR GBP"},{"type":"select","id":"currency_conversion_money_format","label":"Money format","options":[{"value":"money_format","label":"Money ($10)"},{"value":"money_with_currency_format","label":"Money with currency ($10 USD)"}],"default":"money_format"}]},{"name":"Animation","settings":[{"type":"checkbox","id":"show_page_transition","label":"Show page transition","default":true},{"type":"checkbox","id":"show_button_transition","label":"Show button transition","default":true},{"type":"checkbox","id":"show_image_zooming","label":"Show image zoom effect","default":true},{"type":"checkbox","id":"show_element_staggering","label":"Reveal elements one by one","info":"This setting displays blog post and product grid element one after the other.","default":true}]},{"name":"Search","settings":[{"type":"select","id":"search_mode","label":"Search only...","options":[{"value":"product","label":"Products only"},{"value":"product,page","label":"Products and pages"},{"value":"product,article","label":"Products and articles"},{"value":"product,article,page","label":"Products, articles and pages"}],"default":"product,article"}]},{"name":"Products grid","settings":[{"type":"header","content":"Grid"},{"type":"checkbox","id":"product_show_price_on_hover","label":"Show price on hover","info":"Prices will always be visible on touch devices.","default":false},{"type":"checkbox","id":"product_show_secondary_image","label":"Show secondary image on hover","default":false},{"type":"select","id":"product_info_alignment","label":"Product info alignment","options":[{"value":"left","label":"Left"},{"value":"center","label":"Center"},{"value":"right","label":"Right"}],"default":"center"},{"type":"select","id":"product_image_size","label":"Product image size","options":[{"value":"natural","label":"Natural"},{"value":"short","label":"Short (4:3)"},{"value":"square","label":"Square (1:1)"},{"value":"tall","label":"Tall (2:3)"}],"default":"natural"},{"type":"select","id":"product_list_horizontal_spacing","label":"Horizontal spacing","options":[{"value":"extra_small","label":"Extra small"},{"value":"small","label":"Small"},{"value":"medium","label":"Medium"},{"value":"large","label":"Large"},{"value":"extra_large","label":"Extra large"}],"default":"medium"},{"type":"select","id":"product_list_vertical_spacing","label":"Vertical spacing","options":[{"value":"extra_small","label":"Extra small"},{"value":"small","label":"Small"},{"value":"medium","label":"Medium"},{"value":"large","label":"Large"},{"value":"extra_large","label":"Extra large"}],"default":"medium"}]},{"name":"Cart","settings":[{"type":"select","id":"cart_type","label":"Cart type","options":[{"value":"drawer","label":"Drawer"},{"value":"page","label":"Page"}],"default":"drawer"},{"type":"checkbox","id":"cart_enable_notes","label":"Enable order notes","default":true},{"type":"checkbox","id":"cart_show_free_shipping_threshold","label":"Show free shipping minimum amount","info":"Make sure that you have properly configured your [shipping rates](\/admin\/settings\/shipping).","default":false},{"type":"text","id":"cart_free_shipping_threshold","label":"Free shipping minimum amount","info":"Only write a number, no letters","default":"50"}]},{"name":"Custom images","settings":[{"type":"image_picker","id":"banner_1","label":"Banner 1","info":"48 x 48px .png recommended"},{"type":"image_picker","id":"banner_2","label":"Banner 2","info":"48 x 48px .png recommended"},{"type":"image_picker","id":"banner_3","label":"Banner 3","info":"48 x 48px .png recommended"},{"type":"image_picker","id":"banner_4","label":"Banner 4","info":"48 x 48px .png recommended"},{"type":"image_picker","id":"footer_img","label":"Footer Image","info":"1920px width .png recommended"}]},{"name":"Drawer settings","settings":[{"type":"header","content":"Join one for one"},{"type":"checkbox","id":"show_join","label":"Enable donation box"},{"type":"text","id":"title_join","label":"Enter title for Cart donation"},{"type":"textarea","id":"text_join","label":"Enter text before donation"},{"type":"url","id":"url_join","label":"Choose URL to show in Read more"},{"type":"number","id":"discount_amount","label":"enter discount amount in number format 15 stands for 15% for example","default":15},{"type":"image_picker","id":"join_image_1","label":"Image Left"},{"type":"image_picker","id":"join_image_2","label":"Image Right"},{"type":"header","content":"USPS icons in drawer"},{"type":"image_picker","id":"meta_image_1","label":"Image 1","info":"48 x 48px .png recommended"},{"type":"image_picker","id":"meta_image_2","label":"Image 2","info":"48 x 48px .png recommended"},{"type":"image_picker","id":"meta_image_3","label":"Image 3","info":"48 x 48px .png recommended"},{"type":"image_picker","id":"meta_image_4","label":"Image 4","info":"48 x 48px .png recommended"},{"type":"text","id":"meta_1","label":"text 1"},{"type":"text","id":"meta_2","label":"text 2"},{"type":"text","id":"meta_3","label":"text 3"},{"type":"text","id":"meta_4","label":"text 4"}]},{"name":"Overlay Image","settings":[{"type":"image_picker","id":"overlay_image","label":"Overlay image"}]},{"name":"Social media","settings":[{"type":"image_picker","id":"share_image","label":"Share image","info":"This image is used when you share pages such as home page. For product, collection or article pages, the featured image will be used instead."},{"type":"header","content":"Accounts"},{"type":"text","id":"social_facebook","info":"https:\/\/www.facebook.com\/shopify","label":"Facebook"},{"type":"text","id":"social_twitter","info":"https:\/\/twitter.com\/shopify","label":"Twitter"},{"type":"text","id":"social_pinterest","info":"https:\/\/www.pinterest.com\/shopify","label":"Pinterest"},{"type":"text","id":"social_instagram","info":"https:\/\/instagram.com\/shopify","label":"Instagram"},{"type":"text","id":"social_vimeo","info":"https:\/\/vimeo.com\/shopify","label":"Vimeo"},{"type":"text","id":"social_tumblr","info":"https:\/\/shopify.tumblr.com","label":"Tumblr"},{"type":"text","id":"social_youtube","info":"https:\/\/www.youtube.com\/user\/shopify","label":"YouTube"},{"type":"text","id":"social_linkedin","info":"https:\/\/linkedin.com\/in\/shopify","label":"LinkedIn"},{"type":"text","id":"social_snapchat","info":"https:\/\/snapchat.com\/add\/shopify","label":"Snapchat"},{"type":"text","id":"social_fancy","info":"https:\/\/fancy.com\/Shopify","label":"Fancy"}]},{"name":"Favicon","settings":[{"type":"image_picker","id":"favicon","label":"Image","info":"32 x 32px .png recommended"}]}]