{"current":{"heading_color":"#000000","text_color":"#000000","text_light_color":"#000000","link_color":"#000000","background":"#ffffff","light_background":"#ffffff","product_on_sale_color":"#f94c43","button_background":"#000000","button_text_color":"#ffffff","header_background":"#ffffff","header_heading_color":"#000000","header_light_color":"#000000","footer_background":"#ffffff","footer_heading_color":"#000000","footer_text_color":"#000000","navigation_background":"#ffffff","navigation_text_color":"#000000","newsletter_popup_background":"#ffffff","newsletter_popup_text_color":"#000000","secondary_elements_background":"#ffffff","secondary_elements_text_color":"#000000","heading_font":"ibm_plex_sans_n4","heading_size":"large","uppercase_heading":false,"text_font":"ibm_plex_sans_n4","base_text_font_size":16,"currency_conversion_enabled":true,"currency_conversion_round_amounts":true,"currency_conversion_supported_currencies":"SEK USD GBP EUR JPY INR AED","currency_conversion_money_format":"money_format","show_page_transition":false,"show_button_transition":true,"show_image_zooming":false,"show_element_staggering":false,"search_mode":"product,article","product_show_price_on_hover":false,"product_show_secondary_image":true,"product_info_alignment":"left","product_image_size":"natural","product_list_horizontal_spacing":"extra_small","product_list_vertical_spacing":"extra_small","cart_type":"drawer","cart_enable_notes":false,"cart_show_free_shipping_threshold":false,"cart_free_shipping_threshold":"50","banner_1":"shopify:\/\/shop_images\/oh-my-eyes-free-shipping.png","banner_2":"shopify:\/\/shop_images\/Easy_Returns_black.png","banner_3":"shopify:\/\/shop_images\/Warranty_grey.png","banner_4":"","footer_img":"","show_join":false,"title_join":"Join One For One","text_join":"By taking part you agree to send us your used sunglasses free of charge to receive a 15% discount on your order.","url_join":"shopify:\/\/pages\/one-for-one","discount_amount":15,"join_image_1":"shopify:\/\/shop_images\/AirplaneTilt.png","join_image_2":"shopify:\/\/shop_images\/cart_right.jpg","meta_image_1":"shopify:\/\/shop_images\/AirplaneTilt_0ecab5b1-f0c4-4dbd-abec-6d7a20194ea9.png","meta_image_2":"shopify:\/\/shop_images\/CurrencyDollar.png","meta_image_3":"shopify:\/\/shop_images\/TrafficSign.png","meta_image_4":"shopify:\/\/shop_images\/SE.png","meta_1":"Free worldwide shipping","meta_2":"Make a statement","meta_3":"30 days free return","meta_4":"Designed in Sweden","overlay_image":"shopify:\/\/shop_images\/gul.png","share_image":"","social_facebook":"https:\/\/www.facebook.com\/johnhatterco\/","social_twitter":"","social_pinterest":"","social_instagram":"https:\/\/www.instagram.com\/johnhatterco\/","social_vimeo":"","social_tumblr":"","social_youtube":"","social_linkedin":"","social_snapchat":"","social_fancy":"","favicon":"shopify:\/\/shop_images\/favicon.png","checkout_header_image":"","checkout_logo_image":"shopify:\/\/shop_images\/JohnHatter_CO_Logo_Purple_NewLogo_RGB.png","checkout_logo_position":"center","checkout_logo_size":"small","checkout_body_background_image":"","checkout_body_background_color":"#fff","checkout_input_background_color_mode":"white","checkout_sidebar_background_image":"","checkout_sidebar_background_color":"#fafafa","checkout_heading_font":"-apple-system, BlinkMacSystemFont, 'Segoe UI', Roboto, Helvetica, Arial, sans-serif, 'Apple Color Emoji', 'Segoe UI Emoji', 'Segoe UI Symbol'","checkout_body_font":"-apple-system, BlinkMacSystemFont, 'Segoe UI', Roboto, Helvetica, Arial, sans-serif, 'Apple Color Emoji', 'Segoe UI Emoji', 'Segoe UI Symbol'","checkout_accent_color":"#000000","checkout_button_color":"#ffd950","checkout_error_color":"#e32c2b","mlvedaACS_autoSwitch":false,"settings.url_join":"shopify:\/\/pages\/one-for-one","mlvedaACS_isCustomized":true,"mlvedaACS_borderLook":false,"joing_image_2":"shopify:\/\/shop_images\/cart_right.jpg","mlvedaACS_textColor":"inherit","mlvedaACS_flagStyle":"circle","mlvedaACS_isMessageDisplay":false,"mlvedaACS_messageColor":"inherit","mlvedaACS_roundDecimal":false,"mlvedaACS_messageContent":"<<shop.name>> process all orders in <<shop.currency>>. While the content of your cart is currently displayed in <<shop.selected_currency>>, you will checkout using <<shop.currency>> at the most current exchange rate.","mlvedaACS_positionTop":"10px","mlvedaACS_positionRight":"10px","mlvedaACS_positionLeft":"10px","mlvedaACS_defaultCurrency":"EUR","mlvedaACS_positionBottom":"10px","mlvedaACS_messageBackgroundColor":"inherit","mlvedaACS_roundDecimalValue":1,"mlvedaACS_backgroundColor":"inherit","mlvedaACS_position":"top_with_right","mlvedaACS_textHoverColor":"inherit","mlvedaACS_enable":true,"mlvedaACS_supportedCurrencies":"SEK EUR GBP USD","mlvedaACS_hideDecimal":false,"mlvedaACS_hoverBackgroundColor":"inherit","mlvedaACS_currencyFormat":"money_format","mlvedaACS_borderLineColor":"inherit","mlvedaACS_displayFlag":false,"sections":{"footer":{"type":"footer","blocks":{"footer-1":{"type":"links","settings":{"menu":"social"}},"1589979090308":{"type":"links","settings":{"menu":"company"}},"1589979112957":{"type":"links","settings":{"menu":"terms"}},"footer-2":{"type":"newsletter","settings":{"title":"","content":"<p>SIGN UP FOR OUR NEWSLETTER HERE<\/p>"}},"57f4552b-335b-4d36-b739-b0a8d9d19ab2":{"type":"links","settings":{"menu":""}}},"block_order":["footer-1","1589979090308","1589979112957","footer-2","57f4552b-335b-4d36-b739-b0a8d9d19ab2"],"settings":{"show_payment_methods":false}},"product-reviews-custom":{"type":"product-reviews-custom","settings":{}},"page-faq-template":{"type":"page-faq-template","blocks":{"page-faq-template-0":{"type":"separator","settings":{"title":"Payments"}},"page-faq-template-1":{"type":"question","settings":{"title":"I think I'm a victim of fraud, what do I do?","answer":"<p>If you suspect that you have been a victim of fraud please contact our customer service immidiately and let us know as many details as possible, we’ll contact and help you.<\/p>"}},"page-faq-template-3":{"type":"question","settings":{"title":"I forgot to add my discount code. Can you add it for me?","answer":"<p>Yes we can! Just contact us and provide us with your order number and the discount code you wish to be added to your order and we will be happy to add it for you.<\/p>"}},"page-faq-template-2":{"type":"question","settings":{"title":"Can I add\/or change something in my order after I placed it?","answer":"<p>Sadly no! Once your order is placed and imported to our system we have no ability to edit it or make any changes for you.<\/p>"}},"1563741994793":{"type":"question","settings":{"title":"I’m having trouble placing a order.","answer":"<p>One of our customer care agents will gladly help you out with your order and help you! Check out the contact us section for more information or send an email support@johnhatter.com<\/p>"}},"1563742298671":{"type":"question","settings":{"title":"How do I know if the purchase I made was successful?","answer":"<p>When you make a purchase with us, we will send you a confirmation e-mail with the details. If you haven’t received a confirmation e-mail within 24 hours of your purchase, please check your spamfolder and if you still can’t anything, please contact us.<\/p>"}},"1563742370887":{"type":"question","settings":{"title":"I just received an e-mail saying that my order is cancelled. Why?","answer":"<p>Most likely there has been an issue with your payment method. But don’t worry, the money is only reserved for us. We haven’t drawn the money from you, we only do that when your order has been confirmed and sent to our warehouse, however it may take up to 10 working days for your bank or card issuer to make your funds available to you again.<\/p>"}},"page-faq-template-4":{"type":"separator","settings":{"title":"Shipping"}},"page-faq-template-5":{"type":"question","settings":{"title":"What does it cost to ship?","answer":"<p>We ship worldwide with FedEx, UPS and sometimes local firms. We offer free shipping to EU & USA, discounted fares to rest of the world.<\/p>"}},"page-faq-template-8":{"type":"question","settings":{"title":"Can i get a refund?","answer":"<p>John Hatter & CO accepts returns within 14 days of receiving our product. Please contact support@johnhatter.com for return labels within Sweden and information on International returns (International returns – John Hatter & CO does not cover any return costs but will send exchanged product\/s without shipping charges). The product must be returned unused, all labels and original packaging should also be intact. Once this is approved you will be refunded directly to the source of payment. For returns shipping costs will not be refunded (original shipping cost as well as return-shipping cost). Purchased items are exchangeable into a different size and\/or colour, subject to stock-availability and are sent to you without shipping charges. Sale items can be exchanged, But NOT returned at any time.<\/p>"}},"page-faq-template-6":{"type":"question","settings":{"title":"I am waiting for my order. Is it lost?","answer":"<p>Unfortunately, parcels do get lost from time to time. But that doesn’t mean that your parcel is lost! Please contact us on support@johnhatter.com if more than ten business days have passed and you still haven’t received your order, we will be happy to assist you.<\/p>"}},"1563742461050":{"type":"question","settings":{"title":"I can't find an answer to my question?","answer":"<p>Don’t Worry! Please contact us on support@johnhatter.com and we usually respond within 24 hours.<\/p>"}}},"block_order":["page-faq-template-0","page-faq-template-1","page-faq-template-3","page-faq-template-2","1563741994793","1563742298671","1563742370887","page-faq-template-4","page-faq-template-5","page-faq-template-8","page-faq-template-6","1563742461050"],"settings":{}},"1589920648449":{"type":"testimonials","blocks":{"1589920648449-0":{"type":"testimonial","disabled":true,"settings":{"quote":"<p><em>WE ARE A COMPANY THAT LIKES BOLD STATEMENTS AND COOL CAPS<\/em><\/p>"}},"1589920648449-1":{"type":"testimonial","settings":{"quote":"<p><em>John Hatter & Co. is an exclusive Swedish fashion brand founded in 2018, creating luxury caps carrying bold, iconic and disruptive statements.<\/em><\/p>"}},"1589920648449-2":{"type":"testimonial","settings":{"quote":"<p><em>Inspired by the classic trucker cap, John Hatter takes some of the world’s most famous quotes and phrases, prints them on a miniature aluminium embossed license plate... <\/em><\/p>"}},"1590336083413":{"type":"testimonial","settings":{"quote":"<p><em>...and puts it all together to form a premium cap which is impossible to ignore – whether you love or hate it.<\/em><\/p>"}}},"block_order":["1589920648449-0","1589920648449-1","1589920648449-2","1590336083413"],"settings":{"autoplay":true,"cycle_speed":6,"background":"#65b3ae","text_color":"#1c1b1b","title_testemonials":"THE STORY BEHIND US"}},"1591209526110":{"type":"banner","settings":{"main_1":"Free EU & USA Shipping","subtext_1":"","main_2":"1-Year Guarantee","main_3":"30 Days Return","main_4":"Designed in Sweden","subtext_2":"","subtext_3":"","subtext_4":""}},"article-template":{"type":"article-template","settings":{"show_article_image":false,"show_date":false,"show_category":false,"show_author":false,"show_share_buttons":true}},"collection-footer":{"type":"collection-footer","settings":{"show_section":false,"text_color":"#ffffff","apply_overlay":true,"title":"Our story","content":"<p>Add your own custom content to explain your processes...<\/p>"}},"product-template":{"type":"product-template","settings":{"show_share_buttons":true,"show_vendor":false,"show_sku":false,"description_below_add_to_cart":false,"selector_mode":"dropdown","show_color_swatch":false,"show_color_carousel":false,"show_quantity_selector":true,"show_inventory_quantity":false,"inventory_quantity_threshold":3,"show_price_in_button":false,"show_payment_button":true,"image_size":"large","stack_images":true,"show_thumbnails":false,"enable_image_zoom":true,"tab_page_1_handle":"","tab_page_2_handle":"","reviews_enabled":false,"featured_image_size":"large"}},"1572691780763":{"type":"custom-html","disabled":true,"settings":{"subheading":"","title":"","html":"<div class=\"banner_b\">\n<ul>\n<li class=\"free-shipp\">\n<i><\/i>\n<span>FREE WORLDWIDE HOME DELIVERY<\/span>\n<p><\/p>\n<\/li>\n<li class=\"easy-return-new\">\n<i><\/i>\n<span>30 DAYS FREE RETURNS<\/span>\n<p><\/p>\n<\/li>\n<li class=\"ltr-pay\">\n<i><\/i>\n<span>MINIATURE ALUMINUM PLATE<\/span>\n<p><\/p>\n<\/li>\n<li class=\"cust-support\">\n<i><\/i>\n<span>SHIPPED SAME DAY<\/span>\n<p><\/p>\n<\/li>\n<\/ul>\n\n<\/div>"}},"1589922131462":{"type":"background-video","disabled":true,"settings":{"section_size":"large","video_url":"https:\/\/vimeo.com\/420448965"}},"cart-template":{"type":"cart-template","settings":{"show_shipping_estimator":false,"shipping_estimator_default_country":"United States","title_join":"United States"}},"sidebar-menu":{"type":"sidebar-menu","settings":{"primary_menu_top":"main-menu-left","show_middle":true,"primary_menu_middle":"mobile-middle","show_bottom":true,"primary_menu_bottom":"mobile-lower","secondary_menu":"","show_social_media":true}},"announcement":{"type":"announcement","settings":{"enable_bar":false,"home_page_only":false,"background":"#f3f3f3","text_color":"#1a1a1a","content":"✓ FREE SHIPPING & RETURNS WORLDWIDE ✓ LIFETIME WARRANTY","link":""}},"recently-viewed-products":{"type":"recently-viewed-products","settings":{"show_section":false,"title":"Recently viewed","show_product_info":true,"show_vendor":false,"show_color_swatch":false}},"product-alternate":{"type":"product-alternate","settings":{"show_share_buttons":false,"show_vendor":false,"show_sku":false,"description_below_add_to_cart":false,"selector_mode":"block","show_color_swatch":false,"show_color_carousel":false,"show_quantity_selector":false,"show_inventory_quantity":false,"inventory_quantity_threshold":0,"show_price_in_button":false,"show_payment_button":true,"image_size":"fill","stack_images":false,"show_thumbnails":false,"enable_image_zoom":false,"tab_page_1_handle":"","tab_page_2_handle":"shipping-returns","tab_page_3_handle":"payments-options","tab_page_4_handle":"1-year-guarantee","reviews_enabled":false,"featured_image_size":"large","meta_image_1":"shopify:\/\/shop_images\/AirplaneTilt_b287bfe3-c8a4-4502-903a-393bc0c5d70d.png","meta_1":"Worldwide shipping","meta_image_2":"shopify:\/\/shop_images\/CurrencyDollar_3bc7ee9a-d627-492b-a066-25e4f2ec3510.png","meta_2":"Make a statement","meta_image_3":"shopify:\/\/shop_images\/TrafficSign.png","meta_3":"30 days free return","meta_image_4":"shopify:\/\/shop_images\/SE_dfaf5bc1-9db3-445e-be54-a9e90d857e8c.png","meta_4":"Designed in Sweden"}},"list-collections-template":{"type":"list-collections-template","blocks":{"1560267882902":{"type":"collection","settings":{"collection":"","image":"","image_alignment":"center center","content_position":"bottomLeft","subheading":"Sub-heading","title":"Heading","button_text":"View products"}}},"block_order":["1560267882902"],"settings":{"collections_to_show":"all","image_size":"normal","add_spacing":true,"expand_collection":false,"apply_overlay":true,"text_color":"#ffffff","button_color":"#363636"}},"page-stories":{"type":"page-stories","blocks":{"1590961181208":{"type":"blog","settings":{"blog":"get-inspired"}}},"block_order":["1590961181208"],"settings":{}},"shop-now":{"type":"shop-now","settings":{"show_section":false,"title":"Shop now","collection":"","grid_items_count":6,"show_product_info":true,"show_vendor":false,"show_color_swatch":false}},"1572044345046":{"type":"featured-collections","blocks":{"1572044345046-0":{"type":"collection","settings":{"collection":"bestsellers","title":"","grid_items_count":4,"button_text":""}}},"block_order":["1572044345046-0"],"settings":{"title":"","layout_mode":"grid","show_product_info":true,"show_vendor":false,"show_color_swatch":false,"grid_mobile_items_per_row":"2","grid_desktop_items_per_row":4,"url_1":"men","url_2":"women"}},"1589919868948":{"type":"collection-list","blocks":{"1589919868948-1":{"type":"collection","settings":{"collection":"men","image":"shopify:\/\/shop_images\/johm-1-2.jpg","image_alignment":"center center","content_position":"middleCenter","subheading":"","title":"THE ALUMINUM EDITION CAPS","button_text":"","button_link":"shopify:\/\/collections\/caps","apply_overlay":true}},"1589919868948-0":{"type":"collection","settings":{"collection":"beanies","image":"shopify:\/\/shop_images\/johm-2-2.jpg","image_alignment":"top center","content_position":"middleCenter","subheading":"","title":"BEANIES & HEADBANDS","button_text":"VIEW PRODUCTS","button_link":"shopify:\/\/collections\/beanies","apply_overlay":true}},"f6b90094-c885-446b-b05c-672d7fcf5989":{"type":"collection","settings":{"collection":"","image":"shopify:\/\/shop_images\/Skarmavbild_2022-12-10_kl._17.08.52.png","image_alignment":"top center","content_position":"middleCenter","subheading":"","title":"THE RUBBER EDITION CAPS","button_text":"View products","button_link":"shopify:\/\/collections\/the-rubber-edition","apply_overlay":true}},"4f466bb5-0df9-468d-965d-c13d881fdd11":{"type":"collection","settings":{"collection":"wallets","image":"shopify:\/\/shop_images\/WhatsApp_Image_2022-12-13_at_17.52.59.jpg","image_alignment":"center center","content_position":"middleCenter","subheading":"","title":"WALLETS","button_text":"View products","button_link":"","apply_overlay":true}},"1042c67f-63d3-42f8-a2ce-3a390ed7f939":{"type":"collection","settings":{"collection":"t-shirts","image":"shopify:\/\/shop_images\/Skarmavbild_2023-03-15_kl._22.39.53.png","image_alignment":"top center","content_position":"middleCenter","subheading":"","title":"T-SHIRTS","button_text":"View products","button_link":"shopify:\/\/collections\/t-shirts","apply_overlay":true}}},"block_order":["1589919868948-1","1589919868948-0","f6b90094-c885-446b-b05c-672d7fcf5989","4f466bb5-0df9-468d-965d-c13d881fdd11","1042c67f-63d3-42f8-a2ce-3a390ed7f939"],"settings":{"image_size":"normal","add_spacing":true,"expand_collection":true,"stack_on_mobile":true,"text_color":"#ffffff","button_color":"#363636"}},"1589920602000":{"type":"featured-video","disabled":true,"settings":{"section_size":"large","text_color":"#ffffff","subheading":"","title":"Take part in our One for One mission to protect the eyes of albinos in Tanzania.","video_url":"https:\/\/vimeo.com\/420448965"}},"collection-template":{"type":"collection-template","settings":{"show_collection_info":true,"show_collection_image":true,"apply_overlay":true,"show_color_swatch":false,"show_vendor":false,"collection_image_size":"small","show_sort_by":true,"show_layout_switch":false,"toolbar_position":"top","filter_position":"sidebar","filter_mode":"hidden","show_filter_color_swatch":true,"filter_menu":"","grid_items_per_page":32,"grid_mobile_items_per_row":"2","grid_desktop_items_per_row":4}},"collection_ohm_template":{"type":"collection_ohm_template","settings":{"show_collection_info":true,"show_collection_image":false,"apply_overlay":false,"show_color_swatch":false,"show_vendor":false,"collection_image_size":"normal","show_sort_by":false,"show_layout_switch":false,"toolbar_position":"top","filter_position":"drawer","filter_mode":"hidden","show_filter_color_swatch":false,"filter_menu":"","grid_items_per_page":48,"grid_mobile_items_per_row":"2","grid_desktop_items_per_row":4}},"sustainability":{"type":"sustainability","blocks":{"1593032737674":{"type":"else","disabled":true,"settings":{"title":"Acetate","qoute":"We use premium plant-based acetate, made from cotton and wood pulp. The polishing stage is thorough and ensures that special shine and quality. The craftsmen continue to polish until fluorescent light reflects perfectly, without leaving a single blemish."}},"1593032995016":{"type":"else","disabled":true,"settings":{"title":"Titanium","qoute":"Our titanium is from Japan and is known for its supreme quality and strenght. Titanium is stronger than stainless steel, nickel-free and corrosion resistant. The craftsmen of Sabae were the first to produce frames in light but robust titanium."}},"1593033005995":{"type":"else","disabled":true,"settings":{"title":"Leather case","qoute":"We proudly produce our leather case in a small family-run factory in Målerås, Sweden. It is made using vegetable tanned and chrome-free premium Italian leather."}},"1593033012154":{"type":"else","disabled":true,"settings":{"title":"Made to last","qoute":"We believe one pair of sunglasses should last you a lifetime. That is why we have ensured to use the best possible materials and craftsmanship. Should something happen to your sunglasses, don't worry, we offer a lifetime warranty."}},"214eb491-baf4-40f3-9a6d-fb2651dfc4ad":{"type":"else","settings":{"title":"","qoute":"<h2>AFTER ALL TOMORROW IS ANOTHER DAY - OR IS IT!?<\/h2>\n<p><\/p><h5>\n<br>A phrase with many meanings. Are you the one that save yourself for the day to come, or do you live life in Fastlane with no regrets whatsoever. Either way this quote is open to interpretation by whoever you meet.\n<\/h5><p>Featuring a miniature aluminum embossed plate printed in burgundy red with white letters on a navy blue cap with our unique design giving it that must-have style accessory.<\/p><p><\/p>"}}},"block_order":["1593032737674","1593032995016","1593033005995","1593033012154","214eb491-baf4-40f3-9a6d-fb2651dfc4ad"],"settings":{"title_main":"Description"}},"quality":{"type":"quality","settings":{"title_main":"About the product","text_main":"<h2>WHO IS THIS CAP FOR?<\/h2>\n<p>After all tomorrow is another day is the perfect cap for someone who’s not shy to make a bold statement about themselves. With its eye-catching statement, You surroundings will instantly draw the gaze and curiosity of those around you. Perfect for a day at the beach or out on the town – basically anywhere where there’s people who will admire your bravado.<\/p>\n<h2>WHAT WILL GO WELL WITH THIS CAP?<\/h2>\n\n<p>Pretty much anything. Our caps are made to be worn with almost any outfit. Whether it’d be fancy dress-up or casual hang-out – this cap will look as good with a suit as with shorts and a polo shirt. shirt.<\/p>\n\n<h2>WHAT IS THE HAT MADE OF?<\/h2>\n\n<p>Inspired by the classic trucker hat, Are you not entertained is made from cotton and polyester – durable materials which will let you make a statement year-round. Its flat bill protects your face from the sun while the the plastic mesh back provides breathability, reducing sweat – perfect for a hot summer day! The snapback closure is adjustable in size, making this a one-size-fits-all (or one-size-fits-most) baseball cap that’ll stay well-adjusted for all-day comfort.<\/p>","text_main_2":"<h2>SHIPPING COST:<\/h2>\n\n<p>We offer free shipping in Europe &amp; USA other countries will be calculated prior to check-out<\/p>\n\n<h2>DELIVERY TIMES:<\/h2>\n\n<p>We ship worldwide in less than 7 days. All orders are shipped within 24 hrs. of placing your order.<\/p>\n\n<h2>RETURNS:<\/h2>\n\n<p>We accept returns within 14 days of receiving our product. Please contact support@johnhatter.com for return labels. International returns - John Hatter &amp; CO does not cover any return costs but will send exchanged product\/s without shipping charges<\/p>"}},"product-alternate-360":{"type":"product-alternate-360","settings":{"show_share_buttons":false,"show_vendor":true,"show_sku":false,"description_below_add_to_cart":false,"selector_mode":"dropdown","show_color_swatch":false,"show_color_carousel":false,"show_quantity_selector":false,"show_inventory_quantity":false,"inventory_quantity_threshold":0,"show_price_in_button":false,"show_payment_button":false,"image_size":"fill","stack_images":false,"show_thumbnails":true,"enable_image_zoom":false,"tab_page_1_handle":"handmade-in-sabae-japan","tab_page_2_handle":"","tab_page_3_handle":"payments-options","reviews_enabled":false,"featured_image_size":"large"}},"popup":{"type":"popup","settings":{"show_popup":true,"show_only_on_index":true,"show_only_for_visitors":true,"show_only_once":true,"title":"JOIN THE LIST","content":"<p>Be the first to find out about new designs, limited releases and parties near you.<\/p>","show_newsletter":true,"apparition_delay":5}},"page-contact-template":{"type":"page-contact-template","blocks":{"page-contact-template-0":{"type":"text","settings":{"title":"+46730852905","use_long_text":false,"is_required":false}}},"block_order":["page-contact-template-0"],"settings":{}},"product-reviews":{"type":"product-reviews","settings":{"show_section":true,"title":"Product reviews"}},"header":{"type":"header","settings":{"use_custom_annotation":true,"custom_text":"FREE EU & USA SHIPPING | 14 DAYS RETURN","custom_page":"faq","different_from_hp":false,"custom_text_1":"","custom_page_1":"","use_sticky_header":true,"logo":"shopify:\/\/shop_images\/JohnHatter_CO_Logo_Black__R__RGB.png","logo_max_width":185,"mobile_logo_max_width":135,"navigation_menu_left":"main-menu-left","navigation_menu_right":"main-right","navigation_style":"logoLeft","show_icons":true,"enable_transparent_header":false,"enable_transparent_header_collection":false,"show_transparent_header_border":false,"transparent_text_color":"#ffffff","show_default_images":true}},"slideshow":{"type":"slideshow","blocks":{"1592746505607":{"type":"image","settings":{"video":"","image":"shopify:\/\/shop_images\/john-hatter-hero-caps-men_1.jpg","mobile_image":"shopify:\/\/shop_images\/john-hatter-hero-caps-men-mobil.jpg","apply_overlay":true,"content_position":"middleCenter","subheading":"- MAKE A STATEMENT -","title":"CAPS FOR MEN","button_1_text":"","button_1_link":"shopify:\/\/collections\/the-caps","button_2_text":"","button_2_link":""}},"91c91a8b-8f28-424f-be44-4308b8bd6948":{"type":"image","settings":{"video":"","image":"shopify:\/\/shop_images\/john-hatter-hero-caps-women.jpg","mobile_image":"shopify:\/\/shop_images\/john-hatter-hero-caps-women_kopia.jpg","apply_overlay":true,"content_position":"middleCenter","subheading":"- MAKE A STATEMENT -","title":"CAPS FOR WOMEN","button_1_text":"","button_1_link":"shopify:\/\/collections\/the-caps-women","button_2_text":"","button_2_link":""}}},"block_order":["1592746505607","91c91a8b-8f28-424f-be44-4308b8bd6948"],"settings":{"show_fullscreen":true,"show_arrow":false,"autoplay":true,"cycle_speed":6,"text_color":"#ffffff","button_color":"#363636","button_background":"#ffffff"}},"product-recommendations":{"type":"product-recommendations","settings":{"show_product_recommendations":true,"heading":"YOU MAY ALSO LIKE","show_product_info":true,"show_vendor":false,"show_color_swatch":false}},"1633943813109b24ce":{"type":"image-with-text-overlay","settings":{"section_size":"small","main_link":"shopify:\/\/pages\/stores","image":"shopify:\/\/shop_images\/john-hatter-global-map_1.jpg","text_color":"#000000","overlay_color":"#ffffff","overlay_opacity":85,"subheading":"","title":"STORES","content":"<p>View all our global authorized dealers<\/p><p>VIEW SHOPS<\/p>"}},"1634490972150e844f":{"type":"instafeed","settings":{"heading_font":"helvetica_n4","heading_size":20,"feed_width":100,"html_area":""}},"16370642860da893ed":{"type":"custom-html","disabled":true,"settings":{"subheading":"View all our global authorized dealers","title":"STORES","html":"<div id=\"storemapper\" style=\"width:100%;\">\n  <p>Store Locator is loading from <a href=\"https:\/\/www.storemapper.co\">Storemapper store locator<\/a>...<\/p>\n<\/div>\n<script data-storemapper-start=\"2021,10,18\" data-storemapper-id=\"12840\">\n        (function() {var script = document.createElement('script');\n          script.type  = 'text\/javascript';script.async = true;\n          script.src = 'https:\/\/www.storemapper.co\/js\/widget.js';\n          var entry = document.getElementsByTagName('script')[0];\n          entry.parentNode.insertBefore(script, entry);}\n        ());\n<\/script>"}}},"content_for_index":["slideshow","1591209526110","1572691780763","1572044345046","1589919868948","1589920648449","16370642860da893ed","1633943813109b24ce","1589922131462","1589920602000","1634490972150e844f"],"blocks":{"855628211100114053":{"type":"shopify:\/\/apps\/klaviyo-email-marketing-sms\/blocks\/klaviyo-onsite-embed\/2632fe16-c075-4321-a88b-50b567f42507","disabled":false,"settings":{}}}},"presets":{"Vogue":{"text_font":"futura_n4","show_element_staggering":false,"footer_background":"#ffffff","search_mode":"product,article","light_background":"#ffffff","navigation_text_color":"#ffffff","heading_color":"#454545","heading_font":"din_neuzeit_grotesk_n3","cart_free_shipping_threshold":"50","currency_conversion_money_format":"money_format","uppercase_heading":true,"link_color":"#a17c5e","checkout_body_background_color":"#fff","cart_enable_notes":true,"currency_conversion_supported_currencies":"USD CAD EUR GBP","product_show_secondary_image":false,"product_show_price_on_hover":true,"product_list_vertical_spacing":"small","checkout_accent_color":"#a17c5e","sections":{"blog-posts":{"settings":{"button_text":"View all articles","title":"Featured article","show_category":false},"blocks":{"blog-0":{"settings":{"blog":"news"},"type":"blog"}},"type":"blog-posts","block_order":["blog-0"]},"recently-viewed-products":{"settings":{"show_product_info":true,"title":"Recently viewed","show_section":true},"type":"recently-viewed-products"},"shop-the-look":{"settings":{"title":"Our looks","subheading":"Shop"},"blocks":{"look-1":{"settings":{"product_1_vertical_position":45,"product_1_horizontal_position":25,"dot_style":"light","product_2_horizontal_position":55,"product_2_vertical_position":30,"product_3_horizontal_position":65,"product_3_vertical_position":60},"type":"look"},"look-0":{"settings":{"product_1_vertical_position":40,"product_1_horizontal_position":30,"dot_style":"light","product_2_horizontal_position":45,"product_2_vertical_position":65,"product_3_horizontal_position":70,"product_3_vertical_position":50},"type":"look"}},"type":"shop-the-look","block_order":["look-0","look-1"]},"footer":{"settings":{"show_payment_methods":true},"blocks":{"footer-2":{"settings":{"title":"Newsletter","content":"<p>Subscribe to receive updates, access to exclusive deals, and more.<\/p>"},"type":"newsletter"},"footer-1":{"settings":{"menu":"footer"},"type":"links"},"footer-0":{"settings":{"title":"About the shop","show_social_media":true,"content":"<p>Use this text area to tell your customers about your brand and vision. You can change it in the theme settings.<\/p>"},"type":"text"}},"type":"footer","block_order":["footer-0","footer-1","footer-2"]},"featured-product":{"settings":{"show_inventory_quantity":false,"show_vendor":true,"show_description":true,"show_color_swatch":false,"inventory_quantity_threshold":3,"show_color_carousel":false,"title":"Featured product","show_quantity_selector":true},"type":"featured-product"},"featured-collections":{"settings":{"show_product_info":true,"grid_desktop_items_per_row":4,"layout_mode":"grid","grid_mobile_items_per_row":"2","title":"Featured collection"},"blocks":{"featured-collection-0":{"settings":{"grid_items_count":8,"button_text":"View all products"},"type":"collection"}},"type":"featured-collections","block_order":["featured-collection-0"]},"collection-template":{"settings":{"show_layout_switch":false,"filter_position":"sidebar","show_filter_color_swatch":true,"grid_desktop_items_per_row":4,"show_collection_image":false,"show_sort_by":true,"show_collection_info":true,"filter_mode":"tag","grid_mobile_items_per_row":"2","toolbar_position":"bottom","grid_items_per_page":16},"type":"collection-template"},"collection-footer":{"settings":{"text_color":"#ffffff","apply_overlay":true,"title":"Our story","content":"<p>Add your own custom content to explain your processes...<\/p>","show_section":false},"type":"collection-footer"},"product-template":{"settings":{"show_inventory_quantity":false,"show_thumbnails":false,"show_vendor":true,"show_share_buttons":true,"show_color_swatch":false,"image_size":"large","inventory_quantity_threshold":3,"enable_image_zoom":true,"show_color_carousel":false,"show_quantity_selector":true,"stack_images":true,"reviews_enabled":false},"type":"product-template"},"header":{"settings":{"enable_transparent_header":true,"logo_max_width":140,"transparent_text_color":"#ffffff","navigation_style":"inline","use_sticky_header":true},"type":"header"},"timeline":{"settings":{"text_color":"#ffffff"},"blocks":{"item-2":{"settings":{"heading":"Heading","apply_overlay":true,"title":"2002","subheading":"Sub-heading","content":"<p>Add your own custom content to give more information about your store, availability details...<\/p>"},"type":"item"},"item-1":{"settings":{"heading":"Heading","apply_overlay":true,"title":"2001","subheading":"Sub-heading","content":"<p>Add your own custom content to give more information about your store, availability details...<\/p>"},"type":"item"},"item-0":{"settings":{"heading":"Heading","apply_overlay":true,"title":"2000","subheading":"Sub-heading","content":"<p>Add your own custom content to give more information about your store, availability details...<\/p>"},"type":"item"}},"type":"timeline","block_order":["item-0","item-1","item-2"]},"slideshow":{"settings":{"show_fullscreen":true,"button_color":"#363636","cycle_speed":5,"text_color":"#ffffff","show_arrow":false,"autoplay":true},"blocks":{"slide-0":{"settings":{"apply_overlay":true,"title":"Tell your story","subheading":"Slide title","content_position":"bottomLeft"},"type":"image"},"slide-1":{"settings":{"apply_overlay":true,"title":"Tell your story","subheading":"Slide title","content_position":"bottomLeft"},"type":"image"}},"type":"slideshow","block_order":["slide-0","slide-1"]},"product-recommendations":{"settings":{"show_product_info":true,"show_product_recommendations":true},"type":"product-recommendations"},"collection-list":{"settings":{"expand_collection":false,"button_color":"#363636","add_spacing":true,"text_color":"#ffffff"},"blocks":{"collection-0":{"settings":{"image_alignment":"center center","button_text":"View products","apply_overlay":true,"subheading":"Sub-heading"},"type":"collection"},"collection-1":{"settings":{"image_alignment":"center center","button_text":"View products","apply_overlay":true,"subheading":"Sub-heading"},"type":"collection"},"collection-2":{"settings":{"image_alignment":"center center","button_text":"View products","apply_overlay":true,"subheading":"Sub-heading"},"type":"collection"}},"type":"collection-list","block_order":["collection-0","collection-1","collection-2"]},"sidebar-menu":{"settings":{"show_social_media":true},"type":"sidebar-menu"},"announcement":{"settings":{"background":"#f1e4d8","text_color":"#343434","content":"Announce something here"},"type":"announcement"}},"newsletter_popup_text_color":"#ffffff","content_for_index":["slideshow","featured-collections","collection-list","featured-product","timeline","blog-posts","shop-the-look"],"newsletter_popup_background":"#454545","background":"#ffffff","header_background":"#ffffff","checkout_logo_position":"left","checkout_logo_size":"medium","text_color":"#454545","header_heading_color":"#454545","checkout_button_color":"#454545","navigation_background":"#454545","footer_heading_color":"#454545","checkout_sidebar_background_color":"#fafafa","cart_type":"drawer","checkout_input_background_color_mode":"white","secondary_elements_background":"#f1e4d8","product_list_horizontal_spacing":"medium","footer_text_color":"#9d9d9d","base_text_font_size":14,"product_on_sale_color":"#f94c43","button_background":"#c2a284","product_image_size":"natural","currency_conversion_round_amounts":true,"heading_size":"small","show_page_transition":true,"product_info_alignment":"center","button_text_color":"#ffffff","header_light_color":"#9d9d9d","text_light_color":"#9d9d9d","secondary_elements_text_color":"#373737","currency_conversion_enabled":false,"cart_show_free_shipping_threshold":false},"Allure":{"text_font":"nunito_sans_n4","footer_background":"#ffffff","search_mode":"product,article","light_background":"#ffffff","navigation_text_color":"#ffffff","heading_color":"#1c1b1b","heading_font":"montserrat_n5","cart_free_shipping_threshold":"50","currency_conversion_money_format":"money_format","uppercase_heading":true,"link_color":"#6a6a6a","checkout_body_background_color":"#ffffff","cart_enable_notes":true,"currency_conversion_supported_currencies":"USD CAD EUR GBP","product_show_secondary_image":false,"product_show_price_on_hover":false,"product_list_vertical_spacing":"small","checkout_accent_color":"#1c1b1b","sections":{"blog-posts":{"settings":{"button_text":"View all articles","title":"Featured article","show_category":false},"blocks":{"blog-0":{"settings":{"blog":"news"},"type":"blog"}},"type":"blog-posts","block_order":["blog-0"]},"recently-viewed-products":{"settings":{"show_product_info":true,"title":"Recently viewed","show_section":true},"type":"recently-viewed-products"},"shop-the-look":{"settings":{"title":"Our looks","subheading":"Shop"},"blocks":{"look-1":{"settings":{"product_1_vertical_position":45,"product_1_horizontal_position":25,"dot_style":"light","product_2_horizontal_position":55,"product_2_vertical_position":30,"product_3_horizontal_position":65,"product_3_vertical_position":60},"type":"look"},"look-0":{"settings":{"product_1_vertical_position":40,"product_1_horizontal_position":30,"dot_style":"light","product_2_horizontal_position":45,"product_2_vertical_position":65,"product_3_horizontal_position":70,"product_3_vertical_position":50},"type":"look"}},"type":"shop-the-look","block_order":["look-0","look-1"]},"footer":{"settings":{"show_payment_methods":true},"blocks":{"footer-2":{"settings":{"title":"Newsletter","content":"<p>Subscribe to receive updates, access to exclusive deals, and more.<\/p>"},"type":"newsletter"},"footer-1":{"settings":{"menu":"footer"},"type":"links"},"footer-0":{"settings":{"title":"About the shop","show_social_media":true,"content":"<p>Use this text area to tell your customers about your brand and vision. You can change it in the theme settings.<\/p>"},"type":"text"}},"type":"footer","block_order":["footer-0","footer-1","footer-2"]},"featured-product":{"settings":{"show_inventory_quantity":false,"show_vendor":true,"show_description":true,"show_color_swatch":false,"inventory_quantity_threshold":3,"show_color_carousel":false,"title":"Featured product","show_quantity_selector":true},"type":"featured-product"},"featured-collections":{"settings":{"show_product_info":true,"grid_desktop_items_per_row":4,"layout_mode":"grid","grid_mobile_items_per_row":"2","title":"Featured collection"},"blocks":{"featured-collection-0":{"settings":{"grid_items_count":8,"button_text":"View all products"},"type":"collection"}},"type":"featured-collections","block_order":["featured-collection-0"]},"collection-template":{"settings":{"show_layout_switch":false,"filter_position":"sidebar","show_filter_color_swatch":true,"grid_desktop_items_per_row":4,"show_collection_image":false,"show_sort_by":true,"show_collection_info":true,"filter_mode":"tag","grid_mobile_items_per_row":"2","toolbar_position":"bottom","grid_items_per_page":16},"type":"collection-template"},"collection-footer":{"settings":{"text_color":"#ffffff","apply_overlay":true,"title":"Our story","content":"<p>Add your own custom content to explain your processes...<\/p>","show_section":false},"type":"collection-footer"},"product-template":{"settings":{"show_inventory_quantity":false,"show_thumbnails":false,"show_vendor":true,"show_share_buttons":true,"show_color_swatch":false,"image_size":"large","inventory_quantity_threshold":3,"enable_image_zoom":true,"show_color_carousel":false,"show_quantity_selector":true,"stack_images":true,"reviews_enabled":false},"type":"product-template"},"header":{"settings":{"enable_transparent_header":true,"logo_max_width":140,"transparent_text_color":"#ffffff","navigation_style":"inline","use_sticky_header":true},"type":"header"},"timeline":{"settings":{"text_color":"#ffffff"},"blocks":{"item-2":{"settings":{"heading":"Heading","apply_overlay":true,"title":"2002","subheading":"Sub-heading","content":"<p>Add your own custom content to give more information about your store, availability details...<\/p>"},"type":"item"},"item-1":{"settings":{"heading":"Heading","apply_overlay":true,"title":"2001","subheading":"Sub-heading","content":"<p>Add your own custom content to give more information about your store, availability details...<\/p>"},"type":"item"},"item-0":{"settings":{"heading":"Heading","apply_overlay":true,"title":"2000","subheading":"Sub-heading","content":"<p>Add your own custom content to give more information about your store, availability details...<\/p>"},"type":"item"}},"type":"timeline","block_order":["item-0","item-1","item-2"]},"slideshow":{"settings":{"show_fullscreen":true,"button_color":"#363636","cycle_speed":5,"text_color":"#ffffff","show_arrow":false,"autoplay":true},"blocks":{"slide-0":{"settings":{"apply_overlay":true,"title":"Tell your story","subheading":"Slide title","content_position":"bottomLeft"},"type":"image"},"slide-1":{"settings":{"apply_overlay":true,"title":"Tell your story","subheading":"Slide title","content_position":"bottomLeft"},"type":"image"}},"type":"slideshow","block_order":["slide-0","slide-1"]},"product-recommendations":{"settings":{"show_product_info":true,"show_product_recommendations":true},"type":"product-recommendations"},"collection-list":{"settings":{"expand_collection":false,"button_color":"#363636","add_spacing":true,"text_color":"#ffffff"},"blocks":{"collection-0":{"settings":{"image_alignment":"center center","button_text":"View products","apply_overlay":true,"subheading":"Sub-heading"},"type":"collection"},"collection-1":{"settings":{"image_alignment":"center center","button_text":"View products","apply_overlay":true,"subheading":"Sub-heading"},"type":"collection"},"collection-2":{"settings":{"image_alignment":"center center","button_text":"View products","apply_overlay":true,"subheading":"Sub-heading"},"type":"collection"}},"type":"collection-list","block_order":["collection-0","collection-1","collection-2"]},"sidebar-menu":{"settings":{"show_social_media":true},"type":"sidebar-menu"},"announcement":{"settings":{"background":"#000000","text_color":"#ffffff","content":"Announce something here"},"type":"announcement"}},"newsletter_popup_text_color":"#ffffff","content_for_index":["slideshow","featured-collections","collection-list","featured-product","timeline","blog-posts","shop-the-look"],"newsletter_popup_background":"#1c1b1b","background":"#efefef","header_background":"#ffffff","checkout_logo_position":"center","checkout_logo_size":"small","text_color":"#1c1b1b","header_heading_color":"#1c1b1b","checkout_button_color":"#1c1b1b","navigation_background":"#1c1b1b","footer_heading_color":"#1c1b1b","checkout_sidebar_background_color":"#efefef","cart_type":"drawer","checkout_input_background_color_mode":"white","secondary_elements_background":"#1c1b1b","product_list_horizontal_spacing":"medium","footer_text_color":"#6a6a6a","base_text_font_size":14,"product_on_sale_color":"#f94c43","button_background":"#1c1b1b","product_image_size":"natural","currency_conversion_round_amounts":true,"heading_size":"small","show_page_transition":true,"product_info_alignment":"center","button_text_color":"#ffffff","header_light_color":"#6a6a6a","text_light_color":"#6a6a6a","secondary_elements_text_color":"#ffffff","currency_conversion_enabled":false,"cart_show_free_shipping_threshold":false},"Couture":{"text_font":"century_gothic_n4","footer_background":"#ffffff","search_mode":"product,article","light_background":"#ffffff","navigation_text_color":"#5c5c5c","heading_color":"#5c5c5c","heading_font":"futura_n4","cart_free_shipping_threshold":"50","currency_conversion_money_format":"money_format","uppercase_heading":false,"link_color":"#323232","checkout_body_background_color":"#fff","cart_enable_notes":true,"currency_conversion_supported_currencies":"USD CAD EUR GBP","product_show_secondary_image":false,"product_show_price_on_hover":true,"product_list_vertical_spacing":"small","checkout_accent_color":"#323232","sections":{"blog-posts":{"settings":{"button_text":"View all articles","title":"Featured article","show_category":false},"blocks":{"blog-0":{"settings":{"blog":"news"},"type":"blog"}},"type":"blog-posts","block_order":["blog-0"]},"recently-viewed-products":{"settings":{"show_product_info":true,"title":"Recently viewed","show_section":true},"type":"recently-viewed-products"},"shop-the-look":{"settings":{"title":"Our looks","subheading":"Shop"},"blocks":{"look-1":{"settings":{"product_1_vertical_position":45,"product_1_horizontal_position":25,"dot_style":"light","product_2_horizontal_position":55,"product_2_vertical_position":30,"product_3_horizontal_position":65,"product_3_vertical_position":60},"type":"look"},"look-0":{"settings":{"product_1_vertical_position":40,"product_1_horizontal_position":30,"dot_style":"light","product_2_horizontal_position":45,"product_2_vertical_position":65,"product_3_horizontal_position":70,"product_3_vertical_position":50},"type":"look"}},"type":"shop-the-look","block_order":["look-0","look-1"]},"footer":{"settings":{"show_payment_methods":true},"blocks":{"footer-2":{"settings":{"title":"Newsletter","content":"<p>Subscribe to receive updates, access to exclusive deals, and more.<\/p>"},"type":"newsletter"},"footer-1":{"settings":{"menu":"footer"},"type":"links"},"footer-0":{"settings":{"title":"About the shop","show_social_media":true,"content":"<p>Use this text area to tell your customers about your brand and vision. You can change it in the theme settings.<\/p>"},"type":"text"}},"type":"footer","block_order":["footer-0","footer-1","footer-2"]},"featured-product":{"settings":{"show_inventory_quantity":false,"show_vendor":true,"show_description":true,"show_color_swatch":false,"inventory_quantity_threshold":3,"show_color_carousel":false,"title":"Featured product","show_quantity_selector":true},"type":"featured-product"},"featured-collections":{"settings":{"show_product_info":true,"grid_desktop_items_per_row":4,"layout_mode":"grid","grid_mobile_items_per_row":"2","title":"Featured collection"},"blocks":{"featured-collection-0":{"settings":{"grid_items_count":8,"button_text":"View all products"},"type":"collection"}},"type":"featured-collections","block_order":["featured-collection-0"]},"collection-template":{"settings":{"show_layout_switch":false,"filter_position":"sidebar","show_filter_color_swatch":true,"grid_desktop_items_per_row":4,"show_collection_image":false,"show_sort_by":true,"show_collection_info":true,"filter_mode":"tag","grid_mobile_items_per_row":"2","toolbar_position":"bottom","grid_items_per_page":16},"type":"collection-template"},"collection-footer":{"settings":{"text_color":"#ffffff","apply_overlay":true,"title":"Our story","content":"<p>Add your own custom content to explain your processes...<\/p>","show_section":false},"type":"collection-footer"},"product-template":{"settings":{"show_inventory_quantity":false,"show_thumbnails":false,"show_vendor":true,"show_share_buttons":true,"show_color_swatch":false,"image_size":"large","inventory_quantity_threshold":3,"enable_image_zoom":true,"show_color_carousel":false,"show_quantity_selector":true,"stack_images":true,"reviews_enabled":false},"type":"product-template"},"header":{"settings":{"enable_transparent_header":true,"logo_max_width":140,"transparent_text_color":"#ffffff","navigation_style":"center","use_sticky_header":true},"type":"header"},"timeline":{"settings":{"text_color":"#ffffff"},"blocks":{"item-2":{"settings":{"heading":"Heading","apply_overlay":true,"title":"2002","subheading":"Sub-heading","content":"<p>Add your own custom content to give more information about your store, availability details...<\/p>"},"type":"item"},"item-1":{"settings":{"heading":"Heading","apply_overlay":true,"title":"2001","subheading":"Sub-heading","content":"<p>Add your own custom content to give more information about your store, availability details...<\/p>"},"type":"item"},"item-0":{"settings":{"heading":"Heading","apply_overlay":true,"title":"2000","subheading":"Sub-heading","content":"<p>Add your own custom content to give more information about your store, availability details...<\/p>"},"type":"item"}},"type":"timeline","block_order":["item-0","item-1","item-2"]},"slideshow":{"settings":{"show_fullscreen":true,"button_color":"#363636","cycle_speed":5,"text_color":"#ffffff","show_arrow":false,"autoplay":true},"blocks":{"slide-0":{"settings":{"apply_overlay":true,"title":"Tell your story","subheading":"Slide title","content_position":"bottomLeft"},"type":"image"},"slide-1":{"settings":{"apply_overlay":true,"title":"Tell your story","subheading":"Slide title","content_position":"bottomLeft"},"type":"image"}},"type":"slideshow","block_order":["slide-0","slide-1"]},"product-recommendations":{"settings":{"show_product_info":true,"show_product_recommendations":true},"type":"product-recommendations"},"collection-list":{"settings":{"expand_collection":false,"button_color":"#363636","add_spacing":true,"text_color":"#ffffff"},"blocks":{"collection-0":{"settings":{"image_alignment":"center center","button_text":"View products","apply_overlay":true,"subheading":"Sub-heading"},"type":"collection"},"collection-1":{"settings":{"image_alignment":"center center","button_text":"View products","apply_overlay":true,"subheading":"Sub-heading"},"type":"collection"},"collection-2":{"settings":{"image_alignment":"center center","button_text":"View products","apply_overlay":true,"subheading":"Sub-heading"},"type":"collection"}},"type":"collection-list","block_order":["collection-0","collection-1","collection-2"]},"sidebar-menu":{"settings":{"show_social_media":true},"type":"sidebar-menu"},"announcement":{"settings":{"background":"#f3f3f3","text_color":"#5c5c5c","content":"Announce something here"},"type":"announcement"}},"newsletter_popup_text_color":"#1c1b1b","content_for_index":["slideshow","featured-collections","collection-list","featured-product","timeline","blog-posts","shop-the-look"],"newsletter_popup_background":"#ffffff","background":"#ffffff","header_background":"#ffffff","checkout_logo_position":"center","checkout_logo_size":"small","text_color":"#5c5c5c","header_heading_color":"#5c5c5c","checkout_button_color":"#5c5c5c","navigation_background":"#ffffff","footer_heading_color":"#5c5c5c","checkout_sidebar_background_color":"#fafafa","cart_type":"drawer","checkout_input_background_color_mode":"white","secondary_elements_background":"#5c5c5c","product_list_horizontal_spacing":"small","footer_text_color":"#939393","base_text_font_size":15,"product_on_sale_color":"#f94c43","button_background":"#5c5c5c","product_image_size":"natural","currency_conversion_round_amounts":true,"heading_size":"large","show_page_transition":true,"product_info_alignment":"left","button_text_color":"#ffffff","header_light_color":"#939393","text_light_color":"#939393","secondary_elements_text_color":"#ffffff","currency_conversion_enabled":false,"cart_show_free_shipping_threshold":false}}}